{
  "IsEncrypted": false,
  "Values": {
    "AzureWebJobsStorage": "",
    "FUNCTIONS_WORKER_RUNTIME": "python",
    "AZURE_CLIENT_ID": "6fe7bd71-3bed-4eac-bba2-44c7e408fc76",
    "AZURE_CLIENT_SECRET": "rBh8Q~Z01bq2mkT-5R9A4Z9h3ntm-0bMd7XDhapG",
    "AZURE_TENANT_ID": "ab837a12-fd70-445a-92f7-780f815e115e",
    "CLUSTER_NAME": "aks-dev-public",
    "AZURE_SUBSCRIPTION_ID": "f9703f5b-83a3-4d1e-9872-e4b59e50de6e",
    "AZURE_RESOURCE_GROUP_NAME": "test-acr",
    "ENVIRONMENT": "dev",
    "TARGET_RESOURCE_GROUP": "test-acr",
    "USER_ASSIGNED_IDENTITY_CLIENT_ID": "788b94d1-46cf-4fb4-8c69-9a16048cbbe9"
  }
}